NUMBER;ACTIVITY;LOCATION;TYPE;PLACE
1;Spare_Time/TV;Seat;Pressure;Living
2;Spare_Time/TV;Door;PIR;Living
3;Spare_Time/TV;Door;PIR;Kitchen
4;Spare_Time/TV;Door;PIR;Living
5;Spare_Time/TV;Seat;Pressure;Living
6;Spare_Time/TV;Door;PIR;Living
7;Grooming;Basin;PIR;Bathroom
8;Spare_Time/TV;Door;PIR;Living
9;Spare_Time/TV;Seat;Pressure;Living
10;Grooming;Basin;PIR;Bathroom
11;Toileting;Toilet;Flush;Bathroom
12;Toileting;Door;PIR;Bedroom
13;Sleeping;Bed;Pressure;Bedroom
14;Sleeping;Door;PIR;Bedroom
15;Toileting;Toilet;Flush;Bathroom
16;Breakfast;Door;PIR;Kitchen
17;Breakfast;Fridge;Magnetic;Kitchen
18;Breakfast;Microwave;Electric;Kitchen
19;Breakfast;Door;PIR;Kitchen
20;Spare_Time/TV;Door;PIR;Bedroom
21;Spare_Time/TV;Door;PIR;Living
22;Spare_Time/TV;Seat;Pressure;Living
23;Spare_Time/TV;Door;PIR;Living
24;Grooming;Basin;PIR;Bathroom
25;Showering;Shower;PIR;Bathroom
26;Grooming;Basin;PIR;Bathroom
27;Toileting;Toilet;Flush;Bathroom
28;Grooming;Basin;PIR;Bathroom
29;Grooming;Basin;PIR;Bathroom
30;Spare_Time/TV;Door;PIR;Living
31;Spare_Time/TV;Door;PIR;Living
32;Snack;Door;PIR;Kitchen
33;Snack;Fridge;Magnetic;Kitchen
34;Snack;Microwave;Electric;Kitchen
35;Snack;Door;PIR;Kitchen
36;Snack;Door;PIR;Kitchen
37;Snack;Fridge;Magnetic;Kitchen
38;Snack;Fridge;Magnetic;Kitchen
39;Snack;Door;PIR;Kitchen
40;Toileting;Door;PIR;Bedroom
41;Toileting;Toilet;Flush;Bathroom
42;Toileting;Toilet;Flush;Bathroom
43;Grooming;Basin;PIR;Bathroom
44;Grooming;Basin;PIR;Bathroom
45;Spare_Time/TV;Door;PIR;Living
46;Spare_Time/TV;Door;PIR;Living
47;Lunch;Door;PIR;Kitchen
48;Lunch;Fridge;Magnetic;Kitchen
49;Lunch;Door;PIR;Kitchen
50;Lunch;Door;PIR;Living
51;Lunch;Door;PIR;Living
52;Lunch;Door;PIR;Kitchen
53;Lunch;Cupboard;Magnetic;Kitchen
54;Lunch;Cupboard;Magnetic;Kitchen
55;Lunch;Door;PIR;Kitchen
56;Lunch;Door;PIR;Living
57;Lunch;Door;PIR;Living
58;Lunch;Door;PIR;Kitchen
59;Lunch;Cupboard;Magnetic;Kitchen
60;Lunch;Door;PIR;Kitchen
61;Spare_Time/TV;Door;PIR;Living
62;Spare_Time/TV;Door;PIR;Living
63;Snack;Door;PIR;Kitchen
64;Snack;Cupboard;Magnetic;Kitchen
65;Snack;Door;PIR;Kitchen
66;Toileting;Toilet;Flush;Bathroom
67;Grooming;Basin;PIR;Bathroom
68;Spare_Time/TV;Door;PIR;Living
69;Spare_Time/TV;Seat;Pressure;Living
70;Spare_Time/TV;Door;PIR;Living
71;Leaving;Maindoor;Magnetic;Entrance
72;Leaving;Maindoor;Magnetic;Entrance
73;Spare_Time/TV;Door;PIR;Living
74;Spare_Time/TV;Door;PIR;Living
75;Spare_Time/TV;Door;PIR;Kitchen
76;Spare_Time/TV;Door;PIR;Kitchen
77;Spare_Time/TV;Door;PIR;Living
78;Toileting;Toilet;Flush;Bathroom
79;Grooming;Basin;PIR;Bathroom
80;Spare_Time/TV;Seat;Pressure;Living
81;Snack;Door;PIR;Kitchen
82;Snack;Fridge;Magnetic;Kitchen
83;Snack;Microwave;Electric;Kitchen
84;Snack;Door;PIR;Kitchen
85;Spare_Time/TV;Door;PIR;Living
86;Spare_Time/TV;Seat;Pressure;Living
87;Spare_Time/TV;Door;PIR;Living
88;Spare_Time/TV;Door;PIR;Living
89;Spare_Time/TV;Door;PIR;Living
90;Grooming;Basin;PIR;Bathroom
91;Dinner;Door;PIR;Kitchen
92;Dinner;Cupboard;Magnetic;Kitchen
93;Dinner;Door;PIR;Kitchen
94;Grooming;Basin;PIR;Bathroom
95;Spare_Time/TV;Door;PIR;Living
96;Spare_Time/TV;Seat;Pressure;Living
97;Spare_Time/TV;Door;PIR;Living
98;Toileting;Door;PIR;Bedroom
99;Toileting;Toilet;Flush;Bathroom
100;Spare_Time/TV;Door;PIR;Living
101;Spare_Time/TV;Seat;Pressure;Living
102;Grooming;Basin;PIR;Bathroom
103;Sleeping;Bed;Pressure;Bedroom
104;Breakfast;Door;PIR;Kitchen
105;Breakfast;Fridge;Magnetic;Kitchen
106;Breakfast;Microwave;Electric;Kitchen
107;Breakfast;Fridge;Magnetic;Kitchen
108;Breakfast;Door;PIR;Kitchen
109;Grooming;Basin;PIR;Bathroom
110;Toileting;Toilet;Flush;Bathroom
111;Grooming;Basin;PIR;Bathroom
112;Grooming;Basin;PIR;Bathroom
113;Grooming;Basin;PIR;Bathroom
114;Leaving;Maindoor;Magnetic;Entrance
115;Leaving;Maindoor;Magnetic;Entrance
116;Snack;Door;PIR;Kitchen
117;Snack;Fridge;Magnetic;Kitchen
118;Snack;Door;PIR;Kitchen
119;Snack;Door;PIR;Kitchen
120;Snack;Door;PIR;Kitchen
121;Leaving;Maindoor;Magnetic;Entrance
122;Leaving;Maindoor;Magnetic;Entrance
123;Snack;Door;PIR;Kitchen
124;Snack;Fridge;Magnetic;Kitchen
125;Snack;Fridge;Magnetic;Kitchen
126;Snack;Door;PIR;Kitchen
127;Toileting;Toilet;Flush;Bathroom
128;Lunch;Door;PIR;Kitchen
129;Lunch;Door;PIR;Kitchen
130;Lunch;Door;PIR;Kitchen
131;Lunch;Cupboard;Magnetic;Kitchen
132;Lunch;Fridge;Magnetic;Kitchen
133;Lunch;Cupboard;Magnetic;Kitchen
134;Lunch;Door;PIR;Kitchen
135;Lunch;Door;PIR;Living
136;Lunch;Door;PIR;Living
137;Lunch;Door;PIR;Kitchen
138;Lunch;Door;PIR;Kitchen
139;Spare_Time/TV;Door;PIR;Living
140;Spare_Time/TV;Seat;Pressure;Living
141;Spare_Time/TV;Door;PIR;Living
142;Toileting;Toilet;Flush;Bathroom
143;Spare_Time/TV;Door;PIR;Living
144;Spare_Time/TV;Door;PIR;Living
145;Spare_Time/TV;Seat;Pressure;Living
146;Spare_Time/TV;Door;PIR;Living
147;Snack;Door;PIR;Kitchen
148;Snack;Door;PIR;Kitchen
149;Spare_Time/TV;Door;PIR;Living
150;Spare_Time/TV;Seat;Pressure;Living
151;Spare_Time/TV;Door;PIR;Living
152;Spare_Time/TV;Door;PIR;Living
153;Spare_Time/TV;Seat;Pressure;Living
154;Spare_Time/TV;Door;PIR;Living
155;Spare_Time/TV;Door;PIR;Living
156;Spare_Time/TV;Seat;Pressure;Living
157;Spare_Time/TV;Door;PIR;Living
158;Snack;Door;PIR;Kitchen
159;Snack;Door;PIR;Kitchen
160;Snack;Door;PIR;Kitchen
161;Toileting;Toilet;Flush;Bathroom
162;Spare_Time/TV;Door;PIR;Living
163;Spare_Time/TV;Seat;Pressure;Living
164;Spare_Time/TV;Door;PIR;Living
165;Spare_Time/TV;Door;PIR;Bedroom
166;Spare_Time/TV;Door;PIR;Bedroom
167;Spare_Time/TV;Door;PIR;Living
168;Spare_Time/TV;Door;PIR;Living
169;Dinner;Door;PIR;Kitchen
170;Dinner;Microwave;Electric;Kitchen
171;Dinner;Door;PIR;Kitchen
172;Grooming;Basin;PIR;Bathroom
173;Spare_Time/TV;Door;PIR;Living
174;Spare_Time/TV;Seat;Pressure;Living
175;Spare_Time/TV;Door;PIR;Living
176;Grooming;Basin;PIR;Bathroom
177;Toileting;Toilet;Flush;Bathroom
178;Toileting;Door;PIR;Bedroom
179;Sleeping;Bed;Pressure;Bedroom
180;Grooming;Basin;PIR;Bathroom
181;Sleeping;Bed;Pressure;Bedroom
182;Sleeping;Door;PIR;Bedroom
183;Toileting;Toilet;Flush;Bathroom
184;Toileting;Door;PIR;Bedroom
185;Toileting;Door;PIR;Bedroom
186;Breakfast;Door;PIR;Kitchen
187;Breakfast;Fridge;Magnetic;Kitchen
188;Breakfast;Microwave;Electric;Kitchen
189;Breakfast;Microwave;Electric;Kitchen
190;Breakfast;Door;PIR;Kitchen
191;Spare_Time/TV;Door;PIR;Bedroom
192;Spare_Time/TV;Door;PIR;Bedroom
193;Spare_Time/TV;Door;PIR;Living
194;Spare_Time/TV;Seat;Pressure;Living
195;Spare_Time/TV;Door;PIR;Living
196;Spare_Time/TV;Door;PIR;Kitchen
197;Breakfast;Fridge;Magnetic;Kitchen
198;Breakfast;Door;PIR;Kitchen
199;Breakfast;Door;PIR;Kitchen
200;Breakfast;Cupboard;Magnetic;Kitchen
201;Breakfast;Door;PIR;Kitchen
202;Spare_Time/TV;Door;PIR;Living
203;Spare_Time/TV;Seat;Pressure;Living
204;Spare_Time/TV;Door;PIR;Living
205;Spare_Time/TV;Door;PIR;Living
206;Spare_Time/TV;Seat;Pressure;Living
207;Spare_Time/TV;Door;PIR;Living
208;Grooming;Basin;PIR;Bathroom
209;Showering;Shower;PIR;Bathroom
210;Grooming;Basin;PIR;Bathroom
211;Grooming;Basin;PIR;Bathroom
212;Grooming;Basin;PIR;Bathroom
213;Spare_Time/TV;Door;PIR;Living
214;Spare_Time/TV;Door;PIR;Living
215;Spare_Time/TV;Door;PIR;Bedroom
216;Spare_Time/TV;Door;PIR;Bedroom
217;Spare_Time/TV;Door;PIR;Living
218;Spare_Time/TV;Seat;Pressure;Living
219;Spare_Time/TV;Door;PIR;Living
220;Spare_Time/TV;Maindoor;Magnetic;Entrance
221;Leaving;Maindoor;Magnetic;Entrance
222;Leaving;Door;PIR;Living
223;Leaving;Door;PIR;Living
224;Leaving;Door;PIR;Kitchen
225;Leaving;Door;PIR;Kitchen
226;Leaving;Maindoor;Magnetic;Entrance
227;Leaving;Maindoor;Magnetic;Entrance
228;Toileting;Toilet;Flush;Bathroom
229;Toileting;Basin;PIR;Bathroom
230;Grooming;Door;PIR;Living
231;Leaving;Maindoor;Magnetic;Entrance
232;Leaving;Maindoor;Magnetic;Entrance
233;Leaving;Door;PIR;Living
234;Spare_Time/TV;Door;PIR;Living
235;Spare_Time/TV;Seat;Pressure;Living
236;Spare_Time/TV;Door;PIR;Living
237;Spare_Time/TV;Door;PIR;Living
238;Spare_Time/TV;Seat;Pressure;Living
239;Spare_Time/TV;Door;PIR;Living
240;Spare_Time/TV;Door;PIR;Living
241;Spare_Time/TV;Door;PIR;Living
242;Spare_Time/TV;Door;PIR;Kitchen
243;Dinner;Microwave;Electric;Kitchen
244;Dinner;Cupboard;Magnetic;Kitchen
245;Dinner;Door;PIR;Kitchen
246;Dinner;Door;PIR;Living
247;Dinner;Door;PIR;Living
248;Dinner;Door;PIR;Kitchen
249;Dinner;Microwave;Electric;Kitchen
250;Dinner;Fridge;Magnetic;Kitchen
251;Dinner;Fridge;Magnetic;Kitchen
252;Dinner;Door;PIR;Kitchen
253;Dinner;Door;PIR;Living
254;Spare_Time/TV;Seat;Pressure;Living
255;Spare_Time/TV;Door;PIR;Living
256;Spare_Time/TV;Door;PIR;Kitchen
257;Snack;Fridge;Magnetic;Kitchen
258;Snack;Door;PIR;Kitchen
259;Spare_Time/TV;Door;PIR;Living
260;Spare_Time/TV;Seat;Pressure;Living
261;Spare_Time/TV;Door;PIR;Living
262;Spare_Time/TV;Door;PIR;Kitchen
263;Spare_Time/TV;Door;PIR;Kitchen
264;Spare_Time/TV;Door;PIR;Living
265;Spare_Time/TV;Seat;Pressure;Living
266;Spare_Time/TV;Door;PIR;Living
267;Grooming;Basin;PIR;Bathroom
268;Toileting;Toilet;Flush;Bathroom
269;Toileting;Basin;PIR;Bathroom
270;Grooming;Door;PIR;Bedroom
271;Sleeping;Bed;Pressure;Bedroom
272;Sleeping;Door;PIR;Bedroom
273;Sleeping;Door;PIR;Bedroom
274;Sleeping;Bed;Pressure;Bedroom
275;Sleeping;Door;PIR;Bedroom
276;Sleeping;Door;PIR;Living
277;Spare_Time/TV;Seat;Pressure;Living
278;Spare_Time/TV;Door;PIR;Living
279;Sleeping;Door;PIR;Bedroom
280;Sleeping;Bed;Pressure;Bedroom
281;Sleeping;Door;PIR;Bedroom
282;Toileting;Toilet;Flush;Bathroom
283;Sleeping;Door;PIR;Bedroom
284;Sleeping;Bed;Pressure;Bedroom
285;Sleeping;Door;PIR;Bedroom
286;Breakfast;Door;PIR;Living
287;Breakfast;Door;PIR;Kitchen
288;Breakfast;Fridge;Magnetic;Kitchen
289;Breakfast;Microwave;Electric;Kitchen
290;Breakfast;Door;PIR;Kitchen
291;Breakfast;Door;PIR;Living
292;Breakfast;Door;PIR;Living
293;Snack;Door;PIR;Kitchen
294;Snack;Door;PIR;Kitchen
295;Spare_Time/TV;Seat;Pressure;Living
296;Leaving;Maindoor;Magnetic;Entrance
297;Leaving;Maindoor;Magnetic;Entrance
298;Leaving;Door;PIR;Kitchen
299;Leaving;Door;PIR;Kitchen
300;Leaving;Door;PIR;Living
301;Spare_Time/TV;Seat;Pressure;Living
302;Lunch;Door;PIR;Living
303;Lunch;Door;PIR;Kitchen
304;Lunch;Cupboard;Magnetic;Kitchen
305;Lunch;Door;PIR;Kitchen
306;Lunch;Door;PIR;Living
307;Lunch;Door;PIR;Living
308;Lunch;Door;PIR;Kitchen
309;Lunch;Fridge;Magnetic;Kitchen
310;Lunch;Door;PIR;Kitchen
311;Lunch;Door;PIR;Living
312;Lunch;Door;PIR;Living
313;Lunch;Door;PIR;Kitchen
314;Lunch;Fridge;Magnetic;Kitchen
315;Lunch;Door;PIR;Kitchen
316;Lunch;Door;PIR;Living
317;Leaving;Door;PIR;Living
318;Leaving;Maindoor;Magnetic;Entrance
319;Leaving;Maindoor;Magnetic;Entrance
320;Snack;Door;PIR;Kitchen
321;Snack;Door;PIR;Kitchen
322;Snack;Door;PIR;Living
323;Dinner;Door;PIR;Living
324;Dinner;Door;PIR;Kitchen
325;Dinner;Microwave;Electric;Kitchen
326;Dinner;Cupboard;Magnetic;Kitchen
327;Dinner;Door;PIR;Kitchen
328;Dinner;Door;PIR;Living
329;Dinner;Door;PIR;Living
330;Dinner;Door;PIR;Kitchen
331;Dinner;Door;PIR;Kitchen
332;Dinner;Door;PIR;Living
333;Dinner;Door;PIR;Living
334;Dinner;Basin;PIR;Bathroom
335;Dinner;Toilet;Flush;Bathroom
336;Dinner;Basin;PIR;Bathroom
337;Dinner;Door;PIR;Living
338;Dinner;Door;PIR;Living
339;Dinner;Door;PIR;Bedroom
340;Dinner;Bed;Pressure;Bedroom
341;Dinner;Door;PIR;Bedroom
342;Dinner;Door;PIR;Living
343;Dinner;Door;PIR;Living
344;Dinner;Door;PIR;Kitchen
345;Dinner;Fridge;Magnetic;Kitchen
346;Dinner;Microwave;Electric;Kitchen
347;Dinner;Door;PIR;Kitchen
348;Dinner;Shower;PIR;Bathroom
349;Dinner;Basin;PIR;Bathroom
350;Dinner;Basin;PIR;Bathroom
351;Dinner;Door;PIR;Bedroom
352;Dinner;Door;PIR;Bedroom
353;Dinner;Basin;PIR;Bathroom
354;Dinner;Door;PIR;Living
355;Dinner;Door;PIR;Living
356;Dinner;Door;PIR;Kitchen
357;Dinner;Fridge;Magnetic;Kitchen
358;Dinner;Door;PIR;Kitchen
359;Dinner;Maindoor;Magnetic;Entrance
360;Dinner;Maindoor;Magnetic;Entrance
361;Dinner;Door;PIR;Bedroom
362;Dinner;Door;PIR;Bedroom
363;Dinner;Door;PIR;Living
364;Dinner;Seat;Pressure;Living
365;Dinner;Door;PIR;Living
366;Dinner;Door;PIR;Kitchen
367;Dinner;Door;PIR;Kitchen
368;Dinner;Door;PIR;Living
369;Dinner;Door;PIR;Living
370;Dinner;Door;PIR;Kitchen
371;Dinner;Cupboard;Magnetic;Kitchen
372;Dinner;Door;PIR;Kitchen
373;Dinner;Door;PIR;Living
374;Dinner;Door;PIR;Living
375;Dinner;Door;PIR;Kitchen
376;Dinner;Door;PIR;Kitchen
377;Dinner;Door;PIR;Living
378;Dinner;Door;PIR;Living
379;Dinner;Door;PIR;Kitchen
380;Dinner;Door;PIR;Kitchen
381;Dinner;Door;PIR;Living
382;Dinner;Door;PIR;Living
383;Dinner;Door;PIR;Kitchen
384;Dinner;Door;PIR;Kitchen
385;Dinner;Toilet;Flush;Bathroom
386;Dinner;Door;PIR;Bedroom
387;Dinner;Door;PIR;Bedroom
388;Dinner;Door;PIR;Living
389;Dinner;Door;PIR;Living
390;Dinner;Maindoor;Magnetic;Entrance
391;Dinner;Maindoor;Magnetic;Entrance
392;Dinner;Door;PIR;Living
393;Dinner;Door;PIR;Living
394;Dinner;Toilet;Flush;Bathroom
395;Dinner;Door;PIR;Living
396;Dinner;Door;PIR;Living
397;Dinner;Door;PIR;Kitchen
398;Dinner;Microwave;Electric;Kitchen
399;Dinner;Fridge;Magnetic;Kitchen
400;Dinner;Door;PIR;Kitchen
401;Dinner;Door;PIR;Living
402;Dinner;Seat;Pressure;Living
403;Dinner;Door;PIR;Living
404;Dinner;Door;PIR;Kitchen
405;Dinner;Door;PIR;Kitchen
406;Dinner;Door;PIR;Living
407;Dinner;Seat;Pressure;Living
408;Dinner;Door;PIR;Living
409;Dinner;Door;PIR;Kitchen
410;Dinner;Door;PIR;Kitchen
411;Dinner;Door;PIR;Living
412;Dinner;Seat;Pressure;Living
413;Dinner;Door;PIR;Living
414;Dinner;Door;PIR;Living
415;Dinner;Door;PIR;Living
416;Dinner;Basin;PIR;Bathroom
417;Dinner;Door;PIR;Living
418;Dinner;Door;PIR;Living
419;Dinner;Maindoor;Magnetic;Entrance
420;Breakfast;Maindoor;Magnetic;Entrance
421;Breakfast;Door;PIR;Bedroom
422;Breakfast;Door;PIR;Bedroom
423;Breakfast;Door;PIR;Living
424;Breakfast;Door;PIR;Living
425;Breakfast;Basin;PIR;Bathroom
426;Breakfast;Toilet;Flush;Bathroom
427;Breakfast;Basin;PIR;Bathroom
428;Breakfast;Door;PIR;Bedroom
429;Breakfast;Bed;Pressure;Bedroom
430;Breakfast;Door;PIR;Bedroom
431;Breakfast;Toilet;Flush;Bathroom
432;Breakfast;Door;PIR;Living
433;Breakfast;Door;PIR;Living
434;Breakfast;Door;PIR;Kitchen
435;Breakfast;Fridge;Magnetic;Kitchen
436;Breakfast;Fridge;Magnetic;Kitchen
437;Breakfast;Microwave;Electric;Kitchen
438;Breakfast;Door;PIR;Kitchen
439;Breakfast;Door;PIR;Bedroom
440;Breakfast;Door;PIR;Bedroom
441;Breakfast;Shower;PIR;Bathroom
442;Breakfast;Basin;PIR;Bathroom
443;Breakfast;Basin;PIR;Bathroom
444;Breakfast;Door;PIR;Bedroom
445;Breakfast;Door;PIR;Bedroom
446;Breakfast;Basin;PIR;Bathroom
447;Showering;Door;PIR;Bedroom
448;Showering;Door;PIR;Bedroom
449;Showering;Maindoor;Magnetic;Entrance
450;Spare_Time/TV;Maindoor;Magnetic;Entrance
451;Spare_Time/TV;Door;PIR;Living
452;Spare_Time/TV;Door;PIR;Living
453;Spare_Time/TV;Door;PIR;Bedroom
454;Spare_Time/TV;Door;PIR;Bedroom
455;Spare_Time/TV;Door;PIR;Bedroom
456;Spare_Time/TV;Door;PIR;Bedroom
457;Spare_Time/TV;Basin;PIR;Bathroom
458;Spare_Time/TV;Door;PIR;Bedroom
459;Spare_Time/TV;Door;PIR;Bedroom
460;Spare_Time/TV;Door;PIR;Living
461;Lunch;Seat;Pressure;Living
462;Lunch;Door;PIR;Living
463;Lunch;Door;PIR;Kitchen
464;Lunch;Door;PIR;Kitchen
465;Lunch;Door;PIR;Living
466;Lunch;Seat;Pressure;Living
467;Toileting;Door;PIR;Living
468;Toileting;Door;PIR;Living
469;Toileting;Door;PIR;Living
470;Toileting;Door;PIR;Bedroom
471;Toileting;Door;PIR;Bedroom
472;Toileting;Maindoor;Magnetic;Entrance
473;Toileting;Maindoor;Magnetic;Entrance
474;Toileting;Door;PIR;Bedroom
475;Toileting;Door;PIR;Bedroom
476;Toileting;Toilet;Flush;Bathroom
477;Toileting;Basin;PIR;Bathroom
478;Toileting;Door;PIR;Living
479;Toileting;Door;PIR;Living
480;Toileting;Door;PIR;Kitchen
481;Toileting;Door;PIR;Kitchen
482;Toileting;Door;PIR;Living
483;Toileting;Seat;Pressure;Living
484;Toileting;Door;PIR;Living
485;Toileting;Door;PIR;Kitchen
486;Toileting;Door;PIR;Kitchen
487;Toileting;Door;PIR;Living
488;Toileting;Door;PIR;Living
489;Toileting;Door;PIR;Bedroom
490;Toileting;Door;PIR;Bedroom
491;Toileting;Door;PIR;Living
492;Toileting;Door;PIR;Living
493;Grooming;Door;PIR;Living
494;Grooming;Door;PIR;Living
495;Grooming;Door;PIR;Kitchen
496;Grooming;Door;PIR;Kitchen
497;Grooming;Door;PIR;Living
498;Grooming;Seat;Pressure;Living
499;Grooming;Door;PIR;Living
500;Grooming;Door;PIR;Kitchen
501;Grooming;Door;PIR;Kitchen
502;Grooming;Door;PIR;Living
503;Grooming;Seat;Pressure;Living
504;Grooming;Door;PIR;Living
505;Grooming;Door;PIR;Kitchen
506;Grooming;Microwave;Electric;Kitchen
507;Grooming;Door;PIR;Kitchen
508;Grooming;Door;PIR;Living
509;Grooming;Door;PIR;Living
510;Grooming;Door;PIR;Kitchen
511;Grooming;Microwave;Electric;Kitchen
512;Grooming;Door;PIR;Kitchen
513;Grooming;Door;PIR;Living
514;Grooming;Door;PIR;Living
515;Grooming;Door;PIR;Bedroom
516;Grooming;Door;PIR;Bedroom
517;Grooming;Door;PIR;Living
518;Grooming;Door;PIR;Living
519;Grooming;Toilet;Flush;Bathroom
520;Grooming;Basin;PIR;Bathroom
521;Grooming;Door;PIR;Bedroom
522;Grooming;Door;PIR;Bedroom
523;Grooming;Door;PIR;Living
524;Grooming;Door;PIR;Living
525;Grooming;Door;PIR;Bedroom
526;Grooming;Door;PIR;Bedroom
527;Grooming;Door;PIR;Living
528;Grooming;Door;PIR;Living
529;Grooming;Basin;PIR;Bathroom
530;Grooming;Door;PIR;Living
531;Grooming;Door;PIR;Living
532;Grooming;Maindoor;Magnetic;Entrance
533;Grooming;Maindoor;Magnetic;Entrance
534;Grooming;Door;PIR;Bedroom
535;Grooming;Door;PIR;Bedroom
536;Grooming;Door;PIR;Living
537;Grooming;Seat;Pressure;Living
538;Grooming;Door;PIR;Living
539;Grooming;Door;PIR;Bedroom
540;Sleeping;Bed;Pressure;Bedroom
541;Toileting;Door;PIR;Bedroom
542;Toileting;Door;PIR;Living
543;Toileting;Door;PIR;Living
544;Toileting;Door;PIR;Kitchen
545;Toileting;Door;PIR;Kitchen
546;Toileting;Toilet;Flush;Bathroom
547;Toileting;Door;PIR;Kitchen
548;Toileting;Fridge;Magnetic;Kitchen
549;Toileting;Microwave;Electric;Kitchen
550;Toileting;Fridge;Magnetic;Kitchen
551;Toileting;Door;PIR;Kitchen
552;Toileting;Door;PIR;Bedroom
553;Toileting;Door;PIR;Bedroom
554;Toileting;Door;PIR;Kitchen
555;Toileting;Door;PIR;Kitchen
556;Toileting;Shower;PIR;Bathroom
557;Toileting;Basin;PIR;Bathroom
558;Toileting;Basin;PIR;Bathroom
559;Toileting;Door;PIR;Bedroom
560;Breakfast;Door;PIR;Bedroom
561;Showering;Maindoor;Magnetic;Entrance
562;Showering;Maindoor;Magnetic;Entrance
563;Showering;Door;PIR;Bedroom
564;Showering;Door;PIR;Bedroom
565;Showering;Door;PIR;Kitchen
566;Grooming;Door;PIR;Kitchen
567;Grooming;Door;PIR;Bedroom
568;Grooming;Door;PIR;Bedroom
569;Grooming;Door;PIR;Living
570;Grooming;Door;PIR;Living
571;Grooming;Door;PIR;Living
572;Leaving;Seat;Pressure;Living
573;Grooming;Door;PIR;Living
574;Grooming;Maindoor;Magnetic;Entrance
575;Leaving;Maindoor;Magnetic;Entrance
576;Leaving;Door;PIR;Living
577;Leaving;Door;PIR;Living
578;Leaving;Door;PIR;Kitchen
579;Toileting;Door;PIR;Kitchen
580;Toileting;Door;PIR;Living
581;Toileting;Door;PIR;Living
582;Toileting;Door;PIR;Kitchen
583;Toileting;Cupboard;Magnetic;Kitchen
584;Toileting;Door;PIR;Kitchen
585;Toileting;Door;PIR;Living
586;Toileting;Door;PIR;Living
587;Toileting;Door;PIR;Kitchen
588;Toileting;Door;PIR;Kitchen
589;Toileting;Door;PIR;Living
590;Toileting;Door;PIR;Living
591;Toileting;Door;PIR;Kitchen
592;Toileting;Door;PIR;Kitchen
593;Toileting;Door;PIR;Living
594;Toileting;Door;PIR;Living
595;Toileting;Door;PIR;Kitchen
596;Spare_Time/TV;Door;PIR;Kitchen
597;Spare_Time/TV;Door;PIR;Living
598;Spare_Time/TV;Door;PIR;Living
599;Spare_Time/TV;Door;PIR;Kitchen
600;Spare_Time/TV;Door;PIR;Kitchen
601;Spare_Time/TV;Toilet;Flush;Bathroom
602;Spare_Time/TV;Basin;PIR;Bathroom
603;Spare_Time/TV;Door;PIR;Living
604;Snack;Door;PIR;Living
605;Snack;Basin;PIR;Bathroom
606;Snack;Door;PIR;Living
607;Snack;Seat;Pressure;Living
608;Snack;Door;PIR;Living
609;Snack;Door;PIR;Kitchen
610;Snack;Door;PIR;Kitchen
611;Snack;Door;PIR;Living
612;Snack;Door;PIR;Living
613;Snack;Door;PIR;Kitchen
614;Snack;Door;PIR;Kitchen
615;Snack;Door;PIR;Living
616;Snack;Seat;Pressure;Living
617;Snack;Door;PIR;Living
618;Snack;Door;PIR;Living
619;Snack;Seat;Pressure;Living
620;Snack;Door;PIR;Living
621;Snack;Door;PIR;Kitchen
622;Snack;Door;PIR;Kitchen
623;Snack;Door;PIR;Living
624;Snack;Door;PIR;Living
625;Snack;Maindoor;Magnetic;Entrance
626;Leaving;Maindoor;Magnetic;Entrance
627;Leaving;Door;PIR;Kitchen
628;Dinner;Fridge;Magnetic;Kitchen
629;Dinner;Fridge;Magnetic;Kitchen
630;Dinner;Door;PIR;Kitchen
631;Dinner;Door;PIR;Living
632;Dinner;Door;PIR;Living
633;Dinner;Door;PIR;Bedroom
634;Grooming;Basin;PIR;Bathroom
635;Grooming;Basin;PIR;Bathroom
636;Spare_Time/TV;Door;PIR;Living
637;Spare_Time/TV;Door;PIR;Living
638;Snack;Door;PIR;Kitchen
639;Spare_Time/TV;Door;PIR;Kitchen
640;Spare_Time/TV;Door;PIR;Living
641;Spare_Time/TV;Seat;Pressure;Living
642;Spare_Time/TV;Door;PIR;Living
643;Toileting;Toilet;Flush;Bathroom
644;Toileting;Door;PIR;Bedroom
645;Sleeping;Bed;Pressure;Bedroom
646;Sleeping;Door;PIR;Bedroom
647;Toileting;Toilet;Flush;Bathroom
648;Toileting;Door;PIR;Kitchen
649;Breakfast;Fridge;Magnetic;Kitchen
650;Breakfast;Fridge;Magnetic;Kitchen
651;Breakfast;Microwave;Electric;Kitchen
652;Breakfast;Fridge;Magnetic;Kitchen
653;Breakfast;Door;PIR;Kitchen
654;Breakfast;Door;PIR;Living
655;Spare_Time/TV;Door;PIR;Living
656;Spare_Time/TV;Seat;Pressure;Living
657;Spare_Time/TV;Door;PIR;Living
658;Grooming;Basin;PIR;Bathroom
659;Grooming;Basin;PIR;Bathroom
660;Showering;Shower;PIR;Bathroom
661;Toileting;Toilet;Flush;Bathroom
662;Grooming;Basin;PIR;Bathroom
663;Grooming;Door;PIR;Living
664;Grooming;Basin;PIR;Bathroom
665;Spare_Time/TV;Door;PIR;Living
666;Spare_Time/TV;Seat;Pressure;Living
667;Spare_Time/TV;Door;PIR;Living
668;Grooming;Basin;PIR;Bathroom
669;Grooming;Door;PIR;Living
670;Grooming;Door;PIR;Living
671;Grooming;Toilet;Flush;Bathroom
672;Grooming;Basin;PIR;Bathroom
673;Grooming;Door;PIR;Bedroom
674;Toileting;Door;PIR;Bedroom
675;Leaving;Maindoor;Magnetic;Entrance
676;Leaving;Maindoor;Magnetic;Entrance
677;Leaving;Door;PIR;Living
678;Toileting;Door;PIR;Living
679;Toileting;Toilet;Flush;Bathroom
680;Toileting;Door;PIR;Living
681;Toileting;Door;PIR;Living
682;Snack;Door;PIR;Kitchen
683;Snack;Fridge;Magnetic;Kitchen
684;Snack;Microwave;Electric;Kitchen
685;Snack;Microwave;Electric;Kitchen
686;Snack;Fridge;Magnetic;Kitchen
687;Snack;Door;PIR;Kitchen
688;Snack;Door;PIR;Living
689;Spare_Time/TV;Seat;Pressure;Living
690;Spare_Time/TV;Door;PIR;Living
691;Spare_Time/TV;Door;PIR;Living
692;Spare_Time/TV;Seat;Pressure;Living
693;Spare_Time/TV;Door;PIR;Living
694;Spare_Time/TV;Door;PIR;Living
695;Spare_Time/TV;Door;PIR;Living
696;Spare_Time/TV;Door;PIR;Kitchen
697;Dinner;Microwave;Electric;Kitchen
698;Dinner;Fridge;Magnetic;Kitchen
699;Dinner;Cupboard;Magnetic;Kitchen
700;Dinner;Door;PIR;Kitchen
701;Grooming;Basin;PIR;Bathroom
702;Grooming;Door;PIR;Living
703;Snack;Door;PIR;Kitchen
704;Snack;Fridge;Magnetic;Kitchen
705;Snack;Door;PIR;Kitchen
706;Snack;Door;PIR;Living
707;Spare_Time/TV;Seat;Pressure;Living
708;Spare_Time/TV;Door;PIR;Living
709;Spare_Time/TV;Door;PIR;Kitchen
710;Spare_Time/TV;Door;PIR;Kitchen
711;Spare_Time/TV;Door;PIR;Living
712;Spare_Time/TV;Seat;Pressure;Living
713;Spare_Time/TV;Door;PIR;Living
714;Toileting;Toilet;Flush;Bathroom
715;Toileting;Door;PIR;Bedroom
716;Sleeping;Bed;Pressure;Bedroom
717;Sleeping;Door;PIR;Bedroom
718;Toileting;Toilet;Flush;Bathroom
719;Toileting;Door;PIR;Living
720;Toileting;Door;PIR;Living
721;Breakfast;Door;PIR;Kitchen
722;Breakfast;Fridge;Magnetic;Kitchen
723;Breakfast;Door;PIR;Kitchen
724;Grooming;Basin;PIR;Bathroom
725;Grooming;Basin;PIR;Bathroom
726;Snack;Door;PIR;Kitchen
727;Snack;Fridge;Magnetic;Kitchen
728;Snack;Door;PIR;Kitchen
729;Snack;Door;PIR;Living
730;Spare_Time/TV;Seat;Pressure;Living
731;Spare_Time/TV;Door;PIR;Living
732;Toileting;Toilet;Flush;Bathroom
733;Snack;Door;PIR;Kitchen
734;Snack;Fridge;Magnetic;Kitchen
735;Snack;Door;PIR;Kitchen
736;Snack;Door;PIR;Living
737;Spare_Time/TV;Door;PIR;Kitchen
738;Spare_Time/TV;Door;PIR;Living
739;Spare_Time/TV;Door;PIR;Living
740;Spare_Time/TV;Door;PIR;Living
741;Spare_Time/TV;Door;PIR;Living
742;Spare_Time/TV;Door;PIR;Kitchen
743;Lunch;Cupboard;Magnetic;Kitchen
744;Lunch;Door;PIR;Kitchen
745;Lunch;Door;PIR;Living
746;Lunch;Door;PIR;Living
747;Lunch;Door;PIR;Kitchen
748;Lunch;Fridge;Magnetic;Kitchen
749;Lunch;Door;PIR;Kitchen
750;Lunch;Door;PIR;Living
751;Lunch;Door;PIR;Living
752;Spare_Time/TV;Door;PIR;Kitchen
753;Spare_Time/TV;Door;PIR;Living
754;Spare_Time/TV;Seat;Pressure;Living
755;Spare_Time/TV;Door;PIR;Living
756;Spare_Time/TV;Door;PIR;Kitchen
757;Spare_Time/TV;Door;PIR;Kitchen
758;Toileting;Toilet;Flush;Bathroom
759;Toileting;Door;PIR;Living
760;Leaving;Maindoor;Magnetic;Entrance
761;Leaving;Maindoor;Magnetic;Entrance
762;Spare_Time/TV;Door;PIR;Living
763;Spare_Time/TV;Seat;Pressure;Living
764;Spare_Time/TV;Door;PIR;Living
765;Spare_Time/TV;Door;PIR;Living
766;Spare_Time/TV;Seat;Pressure;Living
767;Spare_Time/TV;Door;PIR;Living
768;Spare_Time/TV;Door;PIR;Kitchen
769;Spare_Time/TV;Door;PIR;Kitchen
770;Spare_Time/TV;Door;PIR;Living
771;Spare_Time/TV;Seat;Pressure;Living
772;Grooming;Door;PIR;Living
773;Grooming;Basin;PIR;Bathroom
774;Sleeping;Door;PIR;Bedroom
775;Sleeping;Bed;Pressure;Bedroom
776;Sleeping;Door;PIR;Bedroom
777;Toileting;Toilet;Flush;Bathroom
778;Toileting;Door;PIR;Living
779;Toileting;Door;PIR;Living
780;Toileting;Door;PIR;Kitchen
781;Breakfast;Fridge;Magnetic;Kitchen
782;Breakfast;Fridge;Magnetic;Kitchen
783;Breakfast;Fridge;Magnetic;Kitchen
784;Breakfast;Door;PIR;Kitchen
785;Breakfast;Door;PIR;Living
786;Spare_Time/TV;Seat;Pressure;Living
787;Spare_Time/TV;Door;PIR;Living
788;Grooming;Basin;PIR;Bathroom
789;Toileting;Toilet;Flush;Bathroom
790;Grooming;Basin;PIR;Bathroom
791;Leaving;Maindoor;Magnetic;Entrance
792;Leaving;Maindoor;Magnetic;Entrance
793;Spare_Time/TV;Door;PIR;Living
794;Spare_Time/TV;Seat;Pressure;Living
795;Spare_Time/TV;Door;PIR;Living
796;Spare_Time/TV;Door;PIR;Kitchen
797;Spare_Time/TV;Door;PIR;Kitchen
798;Spare_Time/TV;Door;PIR;Living
799;Spare_Time/TV;Seat;Pressure;Living
800;Spare_Time/TV;Door;PIR;Living
801;Spare_Time/TV;Door;PIR;Kitchen
802;Lunch;Cupboard;Magnetic;Kitchen
803;Lunch;Door;PIR;Kitchen
804;Lunch;Door;PIR;Living
805;Lunch;Door;PIR;Living
806;Lunch;Door;PIR;Living
807;Lunch;Door;PIR;Living
808;Lunch;Door;PIR;Kitchen
809;Lunch;Door;PIR;Kitchen
810;Lunch;Door;PIR;Living
811;Spare_Time/TV;Door;PIR;Living
812;Spare_Time/TV;Door;PIR;Kitchen
813;Spare_Time/TV;Door;PIR;Kitchen
814;Spare_Time/TV;Door;PIR;Living
815;Spare_Time/TV;Seat;Pressure;Living
816;Snack;Door;PIR;Living
817;Snack;Door;PIR;Kitchen
818;Snack;Fridge;Magnetic;Kitchen
819;Snack;Door;PIR;Kitchen
820;Snack;Door;PIR;Living
821;Spare_Time/TV;Seat;Pressure;Living
822;Spare_Time/TV;Door;PIR;Living
823;Spare_Time/TV;Door;PIR;Living
824;Spare_Time/TV;Seat;Pressure;Living
825;Spare_Time/TV;Door;PIR;Living
826;Spare_Time/TV;Door;PIR;Living
827;Spare_Time/TV;Door;PIR;Living
828;Spare_Time/TV;Door;PIR;Bedroom
829;Spare_Time/TV;Door;PIR;Bedroom
830;Toileting;Door;PIR;Living
831;Toileting;Toilet;Flush;Bathroom
832;Toileting;Door;PIR;Bedroom
833;Leaving;Door;PIR;Living
834;Leaving;Maindoor;Magnetic;Entrance
835;Leaving;Maindoor;Magnetic;Entrance
836;Leaving;Door;PIR;Kitchen
837;Snack;Fridge;Magnetic;Kitchen
838;Snack;Door;PIR;Kitchen
839;Grooming;Door;PIR;Bedroom
840;Grooming;Basin;PIR;Bathroom
841;Sleeping;Door;PIR;Bedroom
842;Sleeping;Bed;Pressure;Bedroom
843;Sleeping;Door;PIR;Bedroom
844;Sleeping;Door;PIR;Bedroom
845;Sleeping;Bed;Pressure;Bedroom
846;Sleeping;Door;PIR;Bedroom
847;Toileting;Toilet;Flush;Bathroom
848;Toileting;Door;PIR;Living
849;Breakfast;Door;PIR;Living
850;Breakfast;Door;PIR;Kitchen
851;Breakfast;Fridge;Magnetic;Kitchen
852;Breakfast;Fridge;Magnetic;Kitchen
853;Breakfast;Cupboard;Magnetic;Kitchen
854;Breakfast;Door;PIR;Kitchen
855;Snack;Door;PIR;Kitchen
856;Snack;Cupboard;Magnetic;Kitchen
857;Snack;Door;PIR;Kitchen
858;Spare_Time/TV;Door;PIR;Living
859;Spare_Time/TV;Seat;Pressure;Living
860;Spare_Time/TV;Door;PIR;Living
861;Spare_Time/TV;Door;PIR;Kitchen
862;Spare_Time/TV;Fridge;Magnetic;Kitchen
863;Snack;Door;PIR;Kitchen
864;Grooming;Basin;PIR;Bathroom
865;Spare_Time/TV;Door;PIR;Living
866;Spare_Time/TV;Seat;Pressure;Living
867;Spare_Time/TV;Door;PIR;Living
868;Spare_Time/TV;Door;PIR;Living
869;Spare_Time/TV;Door;PIR;Living
870;Spare_Time/TV;Door;PIR;Living
871;Spare_Time/TV;Seat;Pressure;Living
872;Spare_Time/TV;Door;PIR;Living
873;Spare_Time/TV;Door;PIR;Kitchen
874;Spare_Time/TV;Fridge;Magnetic;Kitchen
875;Spare_Time/TV;Door;PIR;Kitchen
876;Spare_Time/TV;Door;PIR;Living
877;Spare_Time/TV;Door;PIR;Living
878;Snack;Door;PIR;Kitchen
879;Snack;Cupboard;Magnetic;Kitchen
880;Snack;Door;PIR;Kitchen
881;Spare_Time/TV;Door;PIR;Living
882;Spare_Time/TV;Seat;Pressure;Living
883;Spare_Time/TV;Door;PIR;Living
884;Spare_Time/TV;Door;PIR;Kitchen
885;Snack;Fridge;Magnetic;Kitchen
886;Spare_Time/TV;Door;PIR;Kitchen
887;Spare_Time/TV;Door;PIR;Living
888;Spare_Time/TV;Seat;Pressure;Living
889;Spare_Time/TV;Door;PIR;Living
890;Grooming;Basin;PIR;Bathroom
891;Toileting;Toilet;Flush;Bathroom
892;Leaving;Door;PIR;Living
893;Leaving;Door;PIR;Living
894;Leaving;Door;PIR;Bedroom
895;Leaving;Door;PIR;Bedroom
896;Leaving;Door;PIR;Living
897;Leaving;Door;PIR;Living
898;Leaving;Maindoor;Magnetic;Entrance
899;Leaving;Maindoor;Magnetic;Entrance
900;Snack;Door;PIR;Bedroom
901;Snack;Door;PIR;Living
902;Snack;Door;PIR;Living
903;Snack;Door;PIR;Kitchen
904;Snack;Fridge;Magnetic;Kitchen
905;Snack;Door;PIR;Kitchen
906;Spare_Time/TV;Door;PIR;Bedroom
907;Spare_Time/TV;Door;PIR;Living
908;Spare_Time/TV;Seat;Pressure;Living
909;Spare_Time/TV;Door;PIR;Living
910;Spare_Time/TV;Basin;PIR;Bathroom
911;Grooming;Door;PIR;Bedroom
912;Sleeping;Bed;Pressure;Bedroom
913;Sleeping;Door;PIR;Bedroom
914;Toileting;Toilet;Flush;Bathroom
915;Toileting;Door;PIR;Living
916;Breakfast;Door;PIR;Bedroom
917;Breakfast;Door;PIR;Kitchen
918;Breakfast;Fridge;Magnetic;Kitchen
919;Breakfast;Door;PIR;Kitchen
920;Grooming;Basin;PIR;Bathroom
921;Grooming;Basin;PIR;Bathroom
922;Grooming;Door;PIR;Bedroom
923;Grooming;Door;PIR;Bedroom
924;Grooming;Basin;PIR;Bathroom
925;Grooming;Basin;PIR;Bathroom
926;Grooming;Door;PIR;Bedroom
927;Sleeping;Maindoor;Magnetic;Entrance
928;Sleeping;Maindoor;Magnetic;Entrance
929;Sleeping;Door;PIR;Kitchen
930;Sleeping;Door;PIR;Kitchen
931;Snack;Door;PIR;Living
932;Snack;Door;PIR;Kitchen
933;Snack;Fridge;Magnetic;Kitchen
934;Snack;Door;PIR;Kitchen
935;Snack;Door;PIR;Living
936;Snack;Door;PIR;Living
937;Grooming;Door;PIR;Bedroom
938;Grooming;Basin;PIR;Bathroom
939;Grooming;Door;PIR;Bedroom
940;Spare_Time/TV;Door;PIR;Bedroom
941;Spare_Time/TV;Door;PIR;Living
942;Spare_Time/TV;Seat;Pressure;Living
943;Spare_Time/TV;Door;PIR;Living
944;Spare_Time/TV;Door;PIR;Kitchen
945;Lunch;Door;PIR;Kitchen
946;Lunch;Door;PIR;Living
947;Lunch;Door;PIR;Living
948;Toileting;Toilet;Flush;Bathroom
949;Toileting;Door;PIR;Living
950;Toileting;Door;PIR;Living
951;Toileting;Door;PIR;Kitchen
952;Spare_Time/TV;Door;PIR;Living
953;Spare_Time/TV;Seat;Pressure;Living
954;Spare_Time/TV;Door;PIR;Living
955;Spare_Time/TV;Door;PIR;Kitchen
956;Spare_Time/TV;Door;PIR;Kitchen
957;Toileting;Toilet;Flush;Bathroom
958;Toileting;Door;PIR;Living
959;Toileting;Door;PIR;Living
960;Snack;Door;PIR;Kitchen
961;Snack;Door;PIR;Kitchen
962;Spare_Time/TV;Door;PIR;Living
963;Spare_Time/TV;Seat;Pressure;Living
964;Spare_Time/TV;Door;PIR;Living
965;Spare_Time/TV;Door;PIR;Kitchen
966;Snack;Fridge;Magnetic;Kitchen
967;Snack;Door;PIR;Kitchen
968;Snack;Door;PIR;Living
969;Spare_Time/TV;Door;PIR;Living
970;Spare_Time/TV;Seat;Pressure;Living
971;Spare_Time/TV;Door;PIR;Living
972;Leaving;Maindoor;Magnetic;Entrance
973;Leaving;Maindoor;Magnetic;Entrance
974;Toileting;Toilet;Flush;Bathroom
975;Toileting;Door;PIR;Kitchen
976;Spare_Time/TV;Door;PIR;Living
977;Spare_Time/TV;Seat;Pressure;Living
978;Spare_Time/TV;Door;PIR;Living
979;Grooming;Basin;PIR;Bathroom
980;Sleeping;Door;PIR;Bedroom
981;Sleeping;Bed;Pressure;Bedroom
982;Sleeping;Door;PIR;Bedroom
983;Sleeping;Door;PIR;Living
984;Breakfast;Door;PIR;Living
985;Breakfast;Door;PIR;Kitchen
986;Breakfast;Fridge;Magnetic;Kitchen
987;Breakfast;Fridge;Magnetic;Kitchen
988;Breakfast;Door;PIR;Kitchen
989;Breakfast;Door;PIR;Living
990;Breakfast;Door;PIR;Living
991;Toileting;Toilet;Flush;Bathroom
992;Toileting;Door;PIR;Living
993;Spare_Time/TV;Seat;Pressure;Living
994;Spare_Time/TV;Door;PIR;Living
995;Snack;Door;PIR;Kitchen
996;Snack;Fridge;Magnetic;Kitchen
997;Snack;Door;PIR;Kitchen
998;Snack;Door;PIR;Living
999;Showering;Shower;PIR;Bathroom
1000;Grooming;Basin;PIR;Bathroom
1001;Grooming;Basin;PIR;Bathroom
1002;Grooming;Basin;PIR;Bathroom
1003;Toileting;Toilet;Flush;Bathroom
1004;Snack;Door;PIR;Kitchen
1005;Snack;Door;PIR;Kitchen
1006;Spare_Time/TV;Door;PIR;Living
1007;Spare_Time/TV;Seat;Pressure;Living
1008;Spare_Time/TV;Door;PIR;Living
1009;Spare_Time/TV;Door;PIR;Bedroom
1010;Spare_Time/TV;Door;PIR;Bedroom
1011;Spare_Time/TV;Door;PIR;Living
1012;Spare_Time/TV;Door;PIR;Living
1013;Spare_Time/TV;Door;PIR;Living
1014;Spare_Time/TV;Door;PIR;Living
1015;Spare_Time/TV;Door;PIR;Bedroom
1016;Grooming;Door;PIR;Bedroom
1017;Grooming;Basin;PIR;Bathroom
1018;Leaving;Door;PIR;Living
1019;Leaving;Maindoor;Magnetic;Entrance
1020;Leaving;Maindoor;Magnetic;Entrance
1021;Leaving;Door;PIR;Living
1022;Leaving;Door;PIR;Living
1023;Leaving;Door;PIR;Bedroom
1024;Toileting;Door;PIR;Bedroom
1025;Toileting;Toilet;Flush;Bathroom
1026;Toileting;Basin;PIR;Bathroom
1027;Grooming;Door;PIR;Living
1028;Spare_Time/TV;Seat;Pressure;Living
1029;Spare_Time/TV;Door;PIR;Living
1030;Snack;Door;PIR;Kitchen
1031;Snack;Fridge;Magnetic;Kitchen
1032;Snack;Door;PIR;Kitchen
1033;Snack;Door;PIR;Living
1034;Spare_Time/TV;Door;PIR;Living
1035;Spare_Time/TV;Door;PIR;Living
1036;Spare_Time/TV;Door;PIR;Kitchen
1037;Spare_Time/TV;Door;PIR;Kitchen
1038;Spare_Time/TV;Door;PIR;Living
1039;Toileting;Door;PIR;Living
1040;Dinner;Door;PIR;Living
1041;Dinner;Door;PIR;Kitchen
1042;Dinner;Fridge;Magnetic;Kitchen
1043;Dinner;Fridge;Magnetic;Kitchen
1044;Dinner;Door;PIR;Kitchen
1045;Dinner;Door;PIR;Living
1046;Spare_Time/TV;Door;PIR;Living
1047;Spare_Time/TV;Door;PIR;Kitchen
1048;Snack;Fridge;Magnetic;Kitchen
1049;Snack;Door;PIR;Kitchen
1050;Spare_Time/TV;Door;PIR;Living
1051;Spare_Time/TV;Seat;Pressure;Living
1052;Spare_Time/TV;Door;PIR;Living
1053;Spare_Time/TV;Door;PIR;Living
1054;Spare_Time/TV;Seat;Pressure;Living
1055;Spare_Time/TV;Door;PIR;Living
1056;Sleeping;Door;PIR;Bedroom
1057;Sleeping;Bed;Pressure;Bedroom
1058;Sleeping;Door;PIR;Bedroom
1059;Toileting;Toilet;Flush;Bathroom
1060;Toileting;Toilet;Flush;Bathroom
1061;Breakfast;Door;PIR;Kitchen
1062;Breakfast;Fridge;Magnetic;Kitchen
1063;Breakfast;Fridge;Magnetic;Kitchen
1064;Breakfast;Door;PIR;Kitchen
1065;Spare_Time/TV;Door;PIR;Living
1066;Spare_Time/TV;Seat;Pressure;Living
1067;Spare_Time/TV;Door;PIR;Living
1068;Spare_Time/TV;Door;PIR;Bedroom
1069;Leaving;Maindoor;Magnetic;Entrance
1070;Leaving;Maindoor;Magnetic;Entrance
1071;Toileting;Toilet;Flush;Bathroom
1072;Toileting;Door;PIR;Bedroom
1073;Spare_Time/TV;Door;PIR;Living
1074;Spare_Time/TV;Seat;Pressure;Living
1075;Spare_Time/TV;Door;PIR;Living
1076;Spare_Time/TV;Door;PIR;Kitchen
1077;Lunch;Door;PIR;Kitchen
1078;Lunch;Fridge;Magnetic;Kitchen
1079;Lunch;Fridge;Magnetic;Kitchen
1080;Lunch;Door;PIR;Kitchen
1081;Lunch;Door;PIR;Living
1082;Lunch;Door;PIR;Living
1083;Lunch;Door;PIR;Kitchen
1084;Lunch;Door;PIR;Kitchen
1085;Lunch;Door;PIR;Living
1086;Snack;Door;PIR;Living
1087;Snack;Door;PIR;Kitchen
1088;Snack;Fridge;Magnetic;Kitchen
1089;Snack;Door;PIR;Kitchen
1090;Leaving;Door;PIR;Living
1091;Leaving;Maindoor;Magnetic;Entrance
1092;Leaving;Maindoor;Magnetic;Entrance
1093;Leaving;Door;PIR;Living
1094;Toileting;Toilet;Flush;Bathroom
1095;Toileting;Door;PIR;Living
1096;Spare_Time/TV;Seat;Pressure;Living
1097;Spare_Time/TV;Door;PIR;Living
1098;Spare_Time/TV;Door;PIR;Kitchen
1099;Dinner;Door;PIR;Kitchen
1100;Dinner;Door;PIR;Living
1101;Dinner;Door;PIR;Living
1102;Dinner;Door;PIR;Kitchen
1103;Dinner;Fridge;Magnetic;Kitchen
1104;Dinner;Door;PIR;Kitchen
1105;Dinner;Door;PIR;Living
1106;Spare_Time/TV;Seat;Pressure;Living
1107;Spare_Time/TV;Door;PIR;Living
1108;Spare_Time/TV;Door;PIR;Kitchen
1109;Spare_Time/TV;Door;PIR;Living
1110;Spare_Time/TV;Seat;Pressure;Living
1111;Spare_Time/TV;Door;PIR;Living
1112;Spare_Time/TV;Door;PIR;Bedroom
1113;Spare_Time/TV;Door;PIR;Bedroom
1114;Spare_Time/TV;Door;PIR;Living
1115;Spare_Time/TV;Seat;Pressure;Living
1116;Spare_Time/TV;Door;PIR;Living
1117;Spare_Time/TV;Door;PIR;Kitchen
1118;Toileting;Toilet;Flush;Bathroom
1119;Toileting;Door;PIR;Bedroom
1120;Sleeping;Bed;Pressure;Bedroom
1121;Sleeping;Door;PIR;Bedroom
1122;Toileting;Toilet;Flush;Bathroom
1123;Breakfast;Door;PIR;Living
1124;Breakfast;Door;PIR;Kitchen
1125;Breakfast;Fridge;Magnetic;Kitchen
1126;Breakfast;Fridge;Magnetic;Kitchen
1127;Breakfast;Door;PIR;Kitchen
1128;Showering;Shower;PIR;Bathroom
1129;Grooming;Basin;PIR;Bathroom
1130;Grooming;Basin;PIR;Bathroom
1131;Toileting;Toilet;Flush;Bathroom
1132;Toileting;Door;PIR;Bedroom
1133;Leaving;Maindoor;Magnetic;Entrance
1134;Leaving;Maindoor;Magnetic;Entrance
1135;Leaving;Door;PIR;Kitchen
1136;Spare_Time/TV;Door;PIR;Kitchen
1137;Spare_Time/TV;Door;PIR;Living
1138;Spare_Time/TV;Seat;Pressure;Living
1139;Spare_Time/TV;Door;PIR;Living
1140;Spare_Time/TV;Door;PIR;Kitchen
1141;Spare_Time/TV;Door;PIR;Kitchen
1142;Spare_Time/TV;Door;PIR;Living
1143;Spare_Time/TV;Seat;Pressure;Living
1144;Spare_Time/TV;Door;PIR;Living
1145;Spare_Time/TV;Maindoor;Magnetic;Entrance
1146;Leaving;Maindoor;Magnetic;Entrance
1147;Toileting;Toilet;Flush;Bathroom
1148;Spare_Time/TV;Door;PIR;Kitchen
1149;Spare_Time/TV;Door;PIR;Kitchen
1150;Spare_Time/TV;Door;PIR;Living
1151;Leaving;Door;PIR;Living
1152;Leaving;Maindoor;Magnetic;Entrance
1153;Leaving;Maindoor;Magnetic;Entrance
1154;Grooming;Basin;PIR;Bathroom
1155;Toileting;Toilet;Flush;Bathroom
1156;Toileting;Door;PIR;Living
1157;Breakfast;Door;PIR;Living
1158;Breakfast;Door;PIR;Kitchen
1159;Breakfast;Fridge;Magnetic;Kitchen
1160;Breakfast;Fridge;Magnetic;Kitchen
1161;Breakfast;Door;PIR;Kitchen
1162;Breakfast;Door;PIR;Living
1163;Spare_Time/TV;Door;PIR;Bedroom
1164;Spare_Time/TV;Door;PIR;Living
1165;Spare_Time/TV;Seat;Pressure;Living
1166;Spare_Time/TV;Door;PIR;Living
1167;Spare_Time/TV;Door;PIR;Kitchen
1168;Grooming;Basin;PIR;Bathroom
1169;Grooming;Door;PIR;Kitchen
1170;Grooming;Fridge;Magnetic;Kitchen
1171;Snack;Door;PIR;Kitchen
1172;Snack;Door;PIR;Bedroom
1173;Spare_Time/TV;Door;PIR;Bedroom
1174;Spare_Time/TV;Door;PIR;Living
1175;Spare_Time/TV;Seat;Pressure;Living
1176;Spare_Time/TV;Door;PIR;Living
1177;Spare_Time/TV;Door;PIR;Kitchen
1178;Grooming;Basin;PIR;Bathroom
1179;Showering;Shower;PIR;Bathroom
1180;Grooming;Basin;PIR;Bathroom
1181;Spare_Time/TV;Door;PIR;Living
1182;Spare_Time/TV;Seat;Pressure;Living
1183;Spare_Time/TV;Door;PIR;Living
1184;Leaving;Maindoor;Magnetic;Entrance
1185;Leaving;Maindoor;Magnetic;Entrance
1186;Spare_Time/TV;Door;PIR;Living
1187;Spare_Time/TV;Seat;Pressure;Living
1188;Spare_Time/TV;Door;PIR;Living
1189;Spare_Time/TV;Door;PIR;Bedroom
1190;Spare_Time/TV;Door;PIR;Kitchen
1191;Spare_Time/TV;Door;PIR;Living
1192;Spare_Time/TV;Door;PIR;Living
1193;Spare_Time/TV;Door;PIR;Living
1194;Spare_Time/TV;Door;PIR;Living
1195;Snack;Door;PIR;Kitchen
1196;Snack;Fridge;Magnetic;Kitchen
1197;Snack;Door;PIR;Kitchen
1198;Snack;Door;PIR;Living
1199;Spare_Time/TV;Seat;Pressure;Living
1200;Spare_Time/TV;Door;PIR;Living
1201;Spare_Time/TV;Door;PIR;Kitchen
1202;Grooming;Door;PIR;Living
1203;Grooming;Basin;PIR;Bathroom
1204;Toileting;Toilet;Flush;Bathroom
1205;Grooming;Basin;PIR;Bathroom
1206;Leaving;Maindoor;Magnetic;Entrance
1207;Leaving;Maindoor;Magnetic;Entrance
1208;Leaving;Door;PIR;Living
1209;Grooming;Door;PIR;Bedroom
1210;Grooming;Basin;PIR;Bathroom
1211;Toileting;Toilet;Flush;Bathroom
1212;Toileting;Door;PIR;Living
1213;Toileting;Door;PIR;Living
1214;Toileting;Door;PIR;Bedroom
1215;Sleeping;Bed;Pressure;Bedroom
1216;Sleeping;Door;PIR;Bedroom
1217;Toileting;Toilet;Flush;Bathroom
1218;Toileting;Door;PIR;Bedroom
1219;Toileting;Door;PIR;Bedroom
1220;Breakfast;Door;PIR;Living
1221;Breakfast;Door;PIR;Kitchen
1222;Breakfast;Fridge;Magnetic;Kitchen
1223;Breakfast;Fridge;Magnetic;Kitchen
1224;Breakfast;Door;PIR;Kitchen
1225;Breakfast;Door;PIR;Living
1226;Breakfast;Door;PIR;Living
1227;Breakfast;Door;PIR;Kitchen
1228;Breakfast;Fridge;Magnetic;Kitchen
1229;Breakfast;Door;PIR;Kitchen
1230;Grooming;Basin;PIR;Bathroom
1231;Grooming;Basin;PIR;Bathroom
1232;Toileting;Toilet;Flush;Bathroom
1233;Grooming;Basin;PIR;Bathroom
1234;Spare_Time/TV;Door;PIR;Living
1235;Spare_Time/TV;Seat;Pressure;Living
1236;Spare_Time/TV;Door;PIR;Living
1237;Spare_Time/TV;Door;PIR;Bedroom
1238;Spare_Time/TV;Door;PIR;Bedroom
1239;Spare_Time/TV;Door;PIR;Living
1240;Spare_Time/TV;Seat;Pressure;Living
1241;Spare_Time/TV;Door;PIR;Living
1242;Spare_Time/TV;Maindoor;Magnetic;Entrance
1243;Leaving;Maindoor;Magnetic;Entrance
1244;Leaving;Door;PIR;Kitchen
1245;Leaving;Fridge;Magnetic;Kitchen
1246;Snack;Door;PIR;Kitchen
1247;Spare_Time/TV;Door;PIR;Kitchen
1248;Spare_Time/TV;Door;PIR;Living
1249;Spare_Time/TV;Seat;Pressure;Living
1250;Spare_Time/TV;Door;PIR;Living
1251;Snack;Door;PIR;Kitchen
1252;Snack;Fridge;Magnetic;Kitchen
1253;Snack;Door;PIR;Kitchen
1254;Snack;Door;PIR;Living
1255;Spare_Time/TV;Door;PIR;Living
1256;Spare_Time/TV;Seat;Pressure;Living
1257;Spare_Time/TV;Door;PIR;Living
1258;Toileting;Toilet;Flush;Bathroom
1259;Toileting;Basin;PIR;Bathroom
1260;Toileting;Door;PIR;Living
1261;Grooming;Door;PIR;Living
1262;Leaving;Maindoor;Magnetic;Entrance
1263;Leaving;Maindoor;Magnetic;Entrance
1264;Leaving;Door;PIR;Living
1265;Spare_Time/TV;Seat;Pressure;Living
1266;Spare_Time/TV;Door;PIR;Living
1267;Toileting;Toilet;Flush;Bathroom
1268;Spare_Time/TV;Door;PIR;Living
1269;Spare_Time/TV;Seat;Pressure;Living
1270;Spare_Time/TV;Door;PIR;Living
1271;Spare_Time/TV;Door;PIR;Kitchen
1272;Snack;Fridge;Magnetic;Kitchen
1273;Snack;Door;PIR;Kitchen
1274;Leaving;Maindoor;Magnetic;Entrance
1275;Leaving;Maindoor;Magnetic;Entrance
1276;Leaving;Door;PIR;Kitchen
1277;Dinner;Fridge;Magnetic;Kitchen
1278;Dinner;Fridge;Magnetic;Kitchen
1279;Dinner;Door;PIR;Kitchen
1280;Dinner;Door;PIR;Living
1281;Dinner;Door;PIR;Living
1282;Dinner;Door;PIR;Bedroom
1283;Dinner;Door;PIR;Bedroom
1284;Dinner;Door;PIR;Living
1285;Spare_Time/TV;Seat;Pressure;Living
1286;Spare_Time/TV;Door;PIR;Living
1287;Spare_Time/TV;Door;PIR;Kitchen
1288;Spare_Time/TV;Door;PIR;Kitchen
1289;Spare_Time/TV;Door;PIR;Living
1290;Toileting;Toilet;Flush;Bathroom
1291;Toileting;Door;PIR;Living
1292;Toileting;Door;PIR;Living
1293;Toileting;Basin;PIR;Bathroom
1294;Grooming;Door;PIR;Bedroom
1295;Grooming;Door;PIR;Bedroom
1296;Grooming;Door;PIR;Living
1297;Grooming;Basin;PIR;Bathroom
1298;Grooming;Door;PIR;Bedroom
1299;Sleeping;Bed;Pressure;Bedroom
1300;Grooming;Door;PIR;Bedroom
1301;Grooming;Basin;PIR;Bathroom
1302;Sleeping;Door;PIR;Bedroom
1303;Sleeping;Bed;Pressure;Bedroom
1304;Sleeping;Door;PIR;Bedroom
1305;Breakfast;Door;PIR;Living
1306;Breakfast;Door;PIR;Kitchen
1307;Breakfast;Fridge;Magnetic;Kitchen
1308;Breakfast;Fridge;Magnetic;Kitchen
1309;Breakfast;Fridge;Magnetic;Kitchen
1310;Breakfast;Door;PIR;Kitchen
1311;Breakfast;Door;PIR;Bedroom
1312;Toileting;Toilet;Flush;Bathroom
1313;Toileting;Door;PIR;Kitchen
1314;Toileting;Door;PIR;Kitchen
1315;Toileting;Door;PIR;Living
1316;Toileting;Door;PIR;Living
1317;Grooming;Basin;PIR;Bathroom
1318;Grooming;Door;PIR;Living
1319;Grooming;Door;PIR;Living
1320;Grooming;Basin;PIR;Bathroom
1321;Grooming;Basin;PIR;Bathroom
1322;Grooming;Basin;PIR;Bathroom
1323;Toileting;Toilet;Flush;Bathroom
1324;Leaving;Maindoor;Magnetic;Entrance
1325;Leaving;Maindoor;Magnetic;Entrance
1326;Leaving;Door;PIR;Living
1327;Spare_Time/TV;Door;PIR;Living
1328;Spare_Time/TV;Door;PIR;Living
1329;Spare_Time/TV;Door;PIR;Kitchen
1330;Spare_Time/TV;Door;PIR;Living
1331;Spare_Time/TV;Seat;Pressure;Living
1332;Spare_Time/TV;Door;PIR;Living
1333;Spare_Time/TV;Door;PIR;Kitchen
1334;Snack;Door;PIR;Kitchen
1335;Snack;Fridge;Magnetic;Kitchen
1336;Snack;Door;PIR;Kitchen
1337;Snack;Door;PIR;Living
1338;Spare_Time/TV;Door;PIR;Living
1339;Spare_Time/TV;Seat;Pressure;Living
1340;Spare_Time/TV;Door;PIR;Living
1341;Spare_Time/TV;Door;PIR;Living
1342;Spare_Time/TV;Seat;Pressure;Living
1343;Spare_Time/TV;Door;PIR;Living
1344;Toileting;Toilet;Flush;Bathroom
1345;Toileting;Basin;PIR;Bathroom
1346;Grooming;Door;PIR;Bedroom
1347;Grooming;Door;PIR;Bedroom
1348;Grooming;Door;PIR;Living
1349;Spare_Time/TV;Seat;Pressure;Living
1350;Spare_Time/TV;Door;PIR;Living
1351;Spare_Time/TV;Door;PIR;Kitchen
1352;Dinner;Door;PIR;Kitchen
1353;Dinner;Fridge;Magnetic;Kitchen
1354;Dinner;Door;PIR;Kitchen
1355;Dinner;Door;PIR;Living
1356;Dinner;Door;PIR;Living
1357;Dinner;Door;PIR;Bedroom
1358;Spare_Time/TV;Door;PIR;Living
1359;Spare_Time/TV;Door;PIR;Kitchen
1360;Spare_Time/TV;Door;PIR;Kitchen
1361;Spare_Time/TV;Door;PIR;Living
1362;Spare_Time/TV;Door;PIR;Living
1363;Spare_Time/TV;Door;PIR;Bedroom
1364;Spare_Time/TV;Door;PIR;Bedroom
1365;Spare_Time/TV;Door;PIR;Living
1366;Spare_Time/TV;Door;PIR;Living
1367;Spare_Time/TV;Door;PIR;Living
1368;Spare_Time/TV;Door;PIR;Living
1369;Toileting;Toilet;Flush;Bathroom
1370;Toileting;Door;PIR;Bedroom
1371;Toileting;Toilet;Flush;Bathroom
1372;Toileting;Door;PIR;Living
1373;Toileting;Door;PIR;Living
1374;Toileting;Basin;PIR;Bathroom
1375;Toileting;Door;PIR;Living
1376;Toileting;Door;PIR;Living
1377;Breakfast;Door;PIR;Living
1378;Breakfast;Door;PIR;Kitchen
1379;Breakfast;Fridge;Magnetic;Kitchen
1380;Breakfast;Fridge;Magnetic;Kitchen
1381;Breakfast;Fridge;Magnetic;Kitchen
1382;Breakfast;Fridge;Magnetic;Kitchen
1383;Breakfast;Cupboard;Magnetic;Kitchen
1384;Breakfast;Door;PIR;Kitchen
1385;Breakfast;Door;PIR;Living
1386;Breakfast;Door;PIR;Living
1387;Breakfast;Door;PIR;Bedroom
1388;Breakfast;Door;PIR;Bedroom
1389;Breakfast;Door;PIR;Kitchen
1390;Breakfast;Fridge;Magnetic;Kitchen
1391;Breakfast;Door;PIR;Kitchen
1392;Breakfast;Door;PIR;Living
1393;Breakfast;Door;PIR;Living
1394;Grooming;Basin;PIR;Bathroom
1395;Showering;Shower;PIR;Bathroom
1396;Grooming;Basin;PIR;Bathroom
1397;Grooming;Door;PIR;Living
1398;Spare_Time/TV;Seat;Pressure;Living
1399;Grooming;Door;PIR;Living
1400;Grooming;Basin;PIR;Bathroom
1401;Toileting;Toilet;Flush;Bathroom
1402;Toileting;Basin;PIR;Bathroom
1403;Toileting;Door;PIR;Living
1404;Spare_Time/TV;Seat;Pressure;Living
1405;Spare_Time/TV;Door;PIR;Living
1406;Spare_Time/TV;Door;PIR;Kitchen
1407;Lunch;Door;PIR;Living
1408;Lunch;Door;PIR;Kitchen
1409;Lunch;Door;PIR;Kitchen
1410;Lunch;Door;PIR;Living
1411;Lunch;Door;PIR;Living
1412;Lunch;Door;PIR;Kitchen
1413;Lunch;Fridge;Magnetic;Kitchen
1414;Lunch;Fridge;Magnetic;Kitchen
1415;Lunch;Door;PIR;Kitchen
1416;Lunch;Door;PIR;Living
1417;Lunch;Door;PIR;Living
1418;Lunch;Door;PIR;Kitchen
1419;Lunch;Door;PIR;Kitchen
1420;Lunch;Door;PIR;Living
1421;Spare_Time/TV;Seat;Pressure;Living
1422;Snack;Door;PIR;Living
1423;Snack;Door;PIR;Kitchen
1424;Snack;Fridge;Magnetic;Kitchen
1425;Snack;Door;PIR;Kitchen
1426;Toileting;Toilet;Flush;Bathroom
1427;Toileting;Door;PIR;Kitchen
1428;Spare_Time/TV;Door;PIR;Kitchen
1429;Spare_Time/TV;Door;PIR;Living
1430;Spare_Time/TV;Seat;Pressure;Living
1431;Spare_Time/TV;Door;PIR;Living
1432;Spare_Time/TV;Door;PIR;Kitchen
1433;Spare_Time/TV;Door;PIR;Kitchen
1434;Spare_Time/TV;Door;PIR;Living
1435;Spare_Time/TV;Seat;Pressure;Living
1436;Spare_Time/TV;Door;PIR;Living
1437;Spare_Time/TV;Door;PIR;Kitchen
1438;Spare_Time/TV;Fridge;Magnetic;Kitchen
1439;Dinner;Door;PIR;Kitchen
1440;Dinner;Door;PIR;Living
1441;Spare_Time/TV;Seat;Pressure;Living
1442;Spare_Time/TV;Door;PIR;Living
